<?xml version="1.0" encoding="UTF-8"?>
<blueprint xmlns="http://www.osgi.org/xmlns/blueprint/v1.0.0"
       xmlns:xsi="http://www.w3.org/2001/XMLSchema-instance"
       xsi:schemaLocation="
       http://www.osgi.org/xmlns/blueprint/v1.0.0 http://www.osgi.org/xmlns/blueprint/v1.0.0/blueprint.xsd
       http://camel.apache.org/schema/blueprint http://camel.apache.org/schema/blueprint/camel-blueprint.xsd">

 <reference id="flightService" interface="com.mycompany.spring.persistence.dm.FlightService" />
<camelContext xmlns="http://camel.apache.org/schema/blueprint">
           <route id="addTestEmpoyees">
             <from uri="timer:foo?repeatCount=1"/>
             <to uri="bean:flightService?method=addDummyFlights()" />
             <!-- <to uri="mock:result"/> -->
          </route>
       </camelContext>

</blueprint>
